Product_ID,Product_Name,Product_Category,Product_Cost,Product_Price
1,Popcorn,Snacks,9.99,15.99
2,Milk,Dairy,9.99,12.99
3,Quinoa,Grains & Cereals,1.99,3.99
4,Oats,Grains & Cereals,9.99,12.99
5,Toothpaste,Personal Care,7.99,9.99
6,Coffee,Beverages,6.99,14.99
7,Floor Cleaner,Cleaning Supplies,11.99,15.99
8,Oats,Grains & Cereals,3.99,6.99
9,Buns,Bakery,9.99,10.99
10,Yogurt,Dairy,10.99,14.99
11,Cookies,Bakery,10.99,20.99
12,Buns,Bakery,8.99,11.99
13,Toothpaste,Personal Care,14.99,20.99
14,Mineral Water,Beverages,5.99,10.99
15,Rice,Grains & Cereals,3.99,5.99
16,Toilet Cleaner,Cleaning Supplies,2.99,9.99
17,Ice Cream,Frozen Foods,13.99,19.99
18,Biscuits,Snacks,34.99,39.99
19,Paneer,Dairy,13.99,15.99
20,Namkeen,Snacks,8.99,24.99
21,Chocolate,Snacks,6.99,9.99
22,Chips,Snacks,13.99,19.99
23,Shampoo,Personal Care,4.99,9.99
24,Frozen Chicken,Frozen Foods,14.99,19.99
25,Frozen Peas,Frozen Foods,1.99,2.99
26,Wheat Flour,Grains & Cereals,20.99,24.99
27,Buns,Bakery,3.99,4.99
28,Soft Drink,Beverages,3.99,10.99
29,Green Tea,Beverages,8.99,19.99
30,Hair Oil,Personal Care,17.99,19.99
31,Yogurt,Dairy,7.99,8.99
32,Soft Drink,Beverages,11.99,14.99
33,Chips,Snacks,10.99,12.99
34,Detergent,Cleaning Supplies,20.99,25.99
35,Floor Cleaner,Cleaning Supplies,3.99,7.99
